Evidence ID,Relative path,SHA256,Bytes,Origin,Handling notes
EV-001,README.md,572f704e6ba74ba9da4b44acbc4985a236e3f0df035e9a2e64b17d6ce8e12d22,3760,Submission preparation,Final submission revision; original exercise evidence unchanged
EV-002,app.py,34b30c8536535b96197dd16ebc8c9bad54ba6d4c219911d1b58aeca5d48c0eb0,16876,User final review bundle,Preserved bytes from final review ZIP
EV-003,evaluate.py,5bb91aa15cd993f09bcc1898ad0982e01ab8a2f42333831479302139bb44698b,1470,User final review bundle,Preserved bytes from final review ZIP
EV-004,lab_data/DATASET_MANIFEST.json,479662bd2d8ad2e388ee94afda2291282152dbb88bba7e5cd953711fb390d10b,923,User final review bundle,Preserved bytes from final review ZIP
EV-005,lab_data/capstone/DATASET_MANIFEST.json,dae2f890297e3491c1944e07e0232f04c0c2114487a5776cb58f8b1ccd6aa3d6,668,User final review bundle,Preserved bytes from final review ZIP
EV-006,lab_data/capstone/common/assets.csv,81e9c9c007cbc48b0181a6cfe9d3819143362d775b5165c46616849903467eb7,862,User final review bundle,Preserved bytes from final review ZIP
EV-007,lab_data/capstone/common/identities.csv,c54fcc7d97a88dc17a2f0e2bbdb6259b97df57bac233112ed399927683a4f6c0,556,User final review bundle,Preserved bytes from final review ZIP
EV-008,lab_data/capstone/common/threat_intel_stix.json,d8f29fb9b04c954a31196b3808ce6fd9e2890f7c921b0fea655a4b613df498d1,3413,User final review bundle,Preserved bytes from final review ZIP
EV-009,lab_data/capstone/events.jsonl,72044633f35a172d98267f14a42b25e4bc519e207d313e09582eb91c26c65bbb,19021,User final review bundle,Preserved bytes from final review ZIP
EV-010,lab_data/common/assets.csv,81e9c9c007cbc48b0181a6cfe9d3819143362d775b5165c46616849903467eb7,862,User final review bundle,Preserved bytes from final review ZIP
EV-011,lab_data/common/identities.csv,c54fcc7d97a88dc17a2f0e2bbdb6259b97df57bac233112ed399927683a4f6c0,556,User final review bundle,Preserved bytes from final review ZIP
EV-012,lab_data/common/threat_intel_stix.json,d8f29fb9b04c954a31196b3808ce6fd9e2890f7c921b0fea655a4b613df498d1,3413,User final review bundle,Preserved bytes from final review ZIP
EV-013,lab_data/training/DATASET_MANIFEST.json,ae67d43f209bee9e2a98973006d4ac42c5e9c12cbacf1d84a7997235bdc54aef,718,User final review bundle,Preserved bytes from final review ZIP
EV-014,lab_data/training/common/assets.csv,81e9c9c007cbc48b0181a6cfe9d3819143362d775b5165c46616849903467eb7,862,User final review bundle,Preserved bytes from final review ZIP
EV-015,lab_data/training/common/identities.csv,c54fcc7d97a88dc17a2f0e2bbdb6259b97df57bac233112ed399927683a4f6c0,556,User final review bundle,Preserved bytes from final review ZIP
EV-016,lab_data/training/common/threat_intel_stix.json,d8f29fb9b04c954a31196b3808ce6fd9e2890f7c921b0fea655a4b613df498d1,3413,User final review bundle,Preserved bytes from final review ZIP
EV-017,lab_data/training/events.jsonl,d325d9e209be708bd1a3914e173c7145e1e398d5fad1f0953aec55914ad9fd9b,4021,User final review bundle,Preserved bytes from final review ZIP
EV-018,lab_data/training/ground_truth.csv,a3236efcf39ede8a97f6b40a1d741caddea496fb5de5430b80f1c120cb89df90,857,User final review bundle,Preserved bytes from final review ZIP
EV-019,output/capstone/20260929T191628789567Z/incident_summary.json,ad5ae97c4946ca641413592d3530813b5bd59dd85e5a952b2f21b86cc42a019c,4599,User final review bundle,Preserved bytes from final review ZIP
EV-020,output/capstone/20260929T191628789567Z/input/DATASET_MANIFEST.json,dae2f890297e3491c1944e07e0232f04c0c2114487a5776cb58f8b1ccd6aa3d6,668,User final review bundle,Preserved bytes from final review ZIP
EV-021,output/capstone/20260929T191628789567Z/input/common/assets.csv,81e9c9c007cbc48b0181a6cfe9d3819143362d775b5165c46616849903467eb7,862,User final review bundle,Preserved bytes from final review ZIP
EV-022,output/capstone/20260929T191628789567Z/input/common/identities.csv,c54fcc7d97a88dc17a2f0e2bbdb6259b97df57bac233112ed399927683a4f6c0,556,User final review bundle,Preserved bytes from final review ZIP
EV-023,output/capstone/20260929T191628789567Z/input/common/threat_intel_stix.json,d8f29fb9b04c954a31196b3808ce6fd9e2890f7c921b0fea655a4b613df498d1,3413,User final review bundle,Preserved bytes from final review ZIP
EV-024,output/capstone/20260929T191628789567Z/input/events.jsonl,72044633f35a172d98267f14a42b25e4bc519e207d313e09582eb91c26c65bbb,19021,User final review bundle,Preserved bytes from final review ZIP
EV-025,output/capstone/20260929T191628789567Z/input_manifest.csv,7fa2571dbf5ea4a1a0e6c959e56ea2f0eaca0d369be9c2be69c47ffef9cc5588,710,User final review bundle,Preserved bytes from final review ZIP
EV-026,output/capstone/20260929T191628789567Z/pipeline_run.txt,e3b0c44298fc1c149afbf4c8996fb92427ae41e4649b934ca495991b7852b855,0,User final review bundle,Preserved bytes from final review ZIP
EV-027,output/capstone/20260929T191628789567Z/results/audit_log.jsonl,abb1ae53f131aaba46694448f0e823122846a73abfa198df2f386f23ec0b54f9,6481,User final review bundle,Preserved bytes from final review ZIP
EV-028,output/capstone/20260929T191628789567Z/results/incidents.json,a2b2283be4655369d33aa3760bd2ef2860670481edf770a63c04778404fbea78,50511,User final review bundle,Preserved bytes from final review ZIP
EV-029,output/capstone/20260929T191628789567Z/run_metadata.json,20229a664a2e04b624fb52683092bf342b9d94a624b54a3d82fdf95fc434aaa5,556,User final review bundle,Preserved bytes from final review ZIP
EV-030,output/capstone_improvements/20260929T192120491065Z/capstone/audit_log.jsonl,a4d23b0a94d9fa3b7e7838f594f393b465efc8eb2f7dc9fc462048a90b086f9b,6481,User final review bundle,Preserved bytes from final review ZIP
EV-031,output/capstone_improvements/20260929T192120491065Z/capstone/incidents.json,aaaa812976cf06b1b40c17df6924ef022e356bdc0dc2be6a46825db8913c0f9e,55266,User final review bundle,Preserved bytes from final review ZIP
EV-032,output/capstone_improvements/20260929T192120491065Z/capstone_comparison.json,1292ef60db6c36bdc127182113c4083499d9e3db49c51a2c84086097d8c8b511,2128,User final review bundle,Preserved bytes from final review ZIP
EV-033,output/capstone_improvements/20260929T192120491065Z/capstone_run.txt,e3b0c44298fc1c149afbf4c8996fb92427ae41e4649b934ca495991b7852b855,0,User final review bundle,Preserved bytes from final review ZIP
EV-034,output/capstone_improvements/20260929T192120491065Z/pipeline_after.py,9e4621e1959c2bef45ff0f4801e3e87cb0e1d4c4b19dc2a71b67a01f8d2f72fa,14073,User final review bundle,Preserved bytes from final review ZIP
EV-035,output/capstone_improvements/20260929T192120491065Z/pipeline_before.py,2b74f4433567906de6368cb05e4159c1dc955c0abc0ced5acbff06baf002802a,12319,User final review bundle,Preserved bytes from final review ZIP
EV-036,output/capstone_improvements/20260929T192120491065Z/tests.txt,27c65b8f02c9852922003adc0a296a450126b75f5b07c007ff93dbd2e898a960,2730,User final review bundle,Preserved bytes from final review ZIP
EV-037,output/capstone_improvements/20260929T192120491065Z/training/audit_log.jsonl,b56115eb24fe77d7abf0c8e1085ef9b112287ee92d7af45e456deb265e74e971,3377,User final review bundle,Preserved bytes from final review ZIP
EV-038,output/capstone_improvements/20260929T192120491065Z/training/incidents.json,e5f60543b3b77c7a17fea9616d1b42091ece75971ff752e9a1f861f67ade2c26,20829,User final review bundle,Preserved bytes from final review ZIP
EV-039,output/capstone_improvements/20260929T192120491065Z/training_run.txt,e3b0c44298fc1c149afbf4c8996fb92427ae41e4649b934ca495991b7852b855,0,User final review bundle,Preserved bytes from final review ZIP
EV-040,output/final_fixes/20260929T192753024530Z/app_after.py,68d34338bc09749266188e61463aa73114b6a4544c575932dd7e0080adc28d81,12670,User final review bundle,Preserved bytes from final review ZIP
EV-041,output/final_fixes/20260929T192753024530Z/app_before.py,9bfba7a1b3887ca76d373d22f4ccebf980073d3278c79d0fd8db456b00a2c162,10846,User final review bundle,Preserved bytes from final review ZIP
EV-042,output/final_fixes/20260929T192753024530Z/audit_fix_tests.txt,4d238562e339adadfed00e440935a1465a7922d89cf49d907a3edb41401952c8,3134,User final review bundle,Preserved bytes from final review ZIP
EV-043,output/final_fixes/20260929T193556057459Z/app_after.py,34b30c8536535b96197dd16ebc8c9bad54ba6d4c219911d1b58aeca5d48c0eb0,16876,User final review bundle,Preserved bytes from final review ZIP
EV-044,output/final_fixes/20260929T193556057459Z/app_before.py,68d34338bc09749266188e61463aa73114b6a4544c575932dd7e0080adc28d81,12670,User final review bundle,Preserved bytes from final review ZIP
EV-045,output/final_fixes/20260929T193556057459Z/decision_fix_tests.txt,abd15ed217d56e17cc4e8af6ec2ce6c9e090328bfd6e92f372bfe6fa1570b5ce,3688,User final review bundle,Preserved bytes from final review ZIP
EV-046,output/final_fixes/api_check_20260929T193822603056Z/api_check_report.json,89ed6cb8801ef2c63d92b8c5a45e20ca3b435138bc8b2b4c2a9c60e2b08ecf37,3697,User final review bundle,Preserved bytes from final review ZIP
EV-047,output/final_fixes/api_check_20260929T193822603056Z/audit_after.json,3dd5c1f1080ae8175778b012af6737cc8334118e2cab26e114e7467b50b68d42,11033,User final review bundle,Preserved bytes from final review ZIP
EV-048,output/final_fixes/api_check_20260929T193822603056Z/runtime/audit_log.jsonl,c29fa1105d9d79ef43f88fbb3ee56752a5be9234497491c1a3b4e9d2dde371e1,8590,User final review bundle,Preserved bytes from final review ZIP
EV-049,output/final_fixes/api_check_20260929T193822603056Z/runtime/decisions.jsonl,071c04f20317a942cb1287b9e0d1cb007b09015b0de19b68921280258686c305,1313,User final review bundle,Preserved bytes from final review ZIP
EV-050,output/final_fixes/api_check_20260929T193822603056Z/runtime/incidents.json,b471cc3e3d8c5bbefb9351c9c900f2500938020f0ec8375dcef39c3ffaa000ef,56337,User final review bundle,Preserved bytes from final review ZIP
EV-051,output/final_fixes/api_check_20260929T193822603056Z/server.json,0b616ce80c1a328b7df38fa9e9842aff0f5a6b12ec25fb28826cec0a729efeec,15,User final review bundle,Preserved bytes from final review ZIP
EV-052,output/final_fixes/api_check_20260929T193822603056Z/server.log,9fbfd847f1f0864fd9cda50dce5ad2b70865f66faebc7ffa1349bff70f8be372,519,User final review bundle,Preserved bytes from final review ZIP
EV-053,output/lab4_ai/SOAR-0001_ai_comparison_20260929T1823681411Z.json,2e221e67d58a8b3874c4c2b5b54c0186102aa0ab9efeeea3778f9a30f1532aed,9457,User final review bundle,Preserved bytes from final review ZIP
EV-054,output/lab4_ai/SOAR-0001_ai_comparison_20260929T1855031075Z.json,aa180c0b03137dbdd0e19e248aa9d5f00b9a682febf208850d776f2ac42c8ed9,9826,User final review bundle,Preserved bytes from final review ZIP
EV-055,output/lab4_ai/injection_test_20260929T184702582414Z/SavannaPay_Lab4_Model_Card.docx,5874661e798369b8cc4bfc99be46297a5eff3297758d5538d3025781d1a74b2c,39649,User final review bundle,Preserved bytes from final review ZIP
EV-056,output/lab4_ai/injection_test_20260929T184702582414Z/baseline/audit_log.jsonl,b3820ff271d10a3a9a3e55d708f73c1ce307b9c2f570623f3bce278d4f9609d0,3377,User final review bundle,Preserved bytes from final review ZIP
EV-057,output/lab4_ai/injection_test_20260929T184702582414Z/baseline/incidents.json,32aafb38ffc078f53688fef94127addfad6eb754ebace02b8b5f0fc3f5ee92cf,18242,User final review bundle,Preserved bytes from final review ZIP
EV-058,output/lab4_ai/injection_test_20260929T184702582414Z/dataset/DATASET_MANIFEST.json,ae67d43f209bee9e2a98973006d4ac42c5e9c12cbacf1d84a7997235bdc54aef,718,User final review bundle,Preserved bytes from final review ZIP
EV-059,output/lab4_ai/injection_test_20260929T184702582414Z/dataset/common/assets.csv,81e9c9c007cbc48b0181a6cfe9d3819143362d775b5165c46616849903467eb7,862,User final review bundle,Preserved bytes from final review ZIP
EV-060,output/lab4_ai/injection_test_20260929T184702582414Z/dataset/common/identities.csv,c54fcc7d97a88dc17a2f0e2bbdb6259b97df57bac233112ed399927683a4f6c0,556,User final review bundle,Preserved bytes from final review ZIP
EV-061,output/lab4_ai/injection_test_20260929T184702582414Z/dataset/common/threat_intel_stix.json,d8f29fb9b04c954a31196b3808ce6fd9e2890f7c921b0fea655a4b613df498d1,3413,User final review bundle,Preserved bytes from final review ZIP
EV-062,output/lab4_ai/injection_test_20260929T184702582414Z/dataset/events.jsonl,db9c5d67f571424283bf5aec6ce7c1c73faf5da0fd50d223292a6c2db850328f,4081,User final review bundle,Preserved bytes from final review ZIP
EV-063,output/lab4_ai/injection_test_20260929T184702582414Z/dataset/ground_truth.csv,a3236efcf39ede8a97f6b40a1d741caddea496fb5de5430b80f1c120cb89df90,857,User final review bundle,Preserved bytes from final review ZIP
EV-064,output/lab4_ai/injection_test_20260929T184702582414Z/injected/audit_log.jsonl,95d0d868e693e2687a6d720596c7782cd9dfd403a0623751008e81cafc96e231,3377,User final review bundle,Preserved bytes from final review ZIP
EV-065,output/lab4_ai/injection_test_20260929T184702582414Z/injected/incidents.json,7a8d6d7b6a1fb1cb01432653138978259f70f52b2323c9ddf7b6054ae9927618,18409,User final review bundle,Preserved bytes from final review ZIP
EV-066,output/lab4_ai/injection_test_20260929T184702582414Z/injection_test_report.json,83870f863b24a4286167540abe40e7496e3641e199d55d1e9dba5384951c23ce,1007,User final review bundle,Preserved bytes from final review ZIP
EV-067,output/lab4_ai/injection_test_20260929T184702582414Z/ollama_injection_response.json,ffc181a1ea7e768b3621ce0cf149e076a4449173f15b881c38bdaa27fcf1d800,1396,User final review bundle,Preserved bytes from final review ZIP
EV-068,output/lab4_ai/injection_test_20260929T184702582414Z/ollama_manual_review.json,edb9c4c2e1b30a61cfee8a9add83371c35a35092019b6af4a4c8fafcda423db1,536,User final review bundle,Preserved bytes from final review ZIP
EV-069,output/lab4_ai/injection_test_20260929T184702582414Z/threshold_experiment.csv,051bde11af61ea5e34f4691fb12a8e72615b663f9a05b8c1a17a0431e41aee35,167,User final review bundle,Preserved bytes from final review ZIP
EV-070,output/lab4_ai/injection_test_20260929T184702582414Z/threshold_experiment.json,f2bf70f9c255573f1ffc194bbdf0641d155d645b1923b492a9ccbd0c69f21c94,1079,User final review bundle,Preserved bytes from final review ZIP
EV-071,output/lab5_playbook/20260929T190058086692Z/approval_denial_evidence.json,ac693949d870a58636a29b719842b933289c38fdf5b17c00424467d6b4cbf610,1056,User final review bundle,Preserved bytes from final review ZIP
EV-072,output/lab5_playbook/20260929T190058086692Z/audit_after.json,185b033252e6efb4ce8a4e51317a39f01c314efa78fe19a9b0250941451442f9,4862,User final review bundle,Preserved bytes from final review ZIP
EV-073,output/lab5_playbook/20260929T190058086692Z/audit_before.json,4bfe39b5af082890309bfcbb1efa843f825303afcbd7131c370709694d92c136,3989,User final review bundle,Preserved bytes from final review ZIP
EV-074,output/lab5_playbook/20260929T190058086692Z/before_approval.json,d2087507d7898b761e01f79895dc64ed6598de2788f0fd28eb75f103e0227f68,7082,User final review bundle,Preserved bytes from final review ZIP
EV-075,output/lab5_playbook/20260929T190058086692Z/disable_identity_response.json,674bb8e6fd55d730a1ffcd1774b160feced1ff57a3dc24e6237120d754124c49,513,User final review bundle,Preserved bytes from final review ZIP
EV-076,output/lab5_playbook/20260929T190058086692Z/idempotency_demo.sqlite3,df2823fc05eff9100bf7037298d2ea0de924fb039f9e84e374ff56680fa238fc,12288,User final review bundle,Preserved bytes from final review ZIP
EV-077,output/lab5_playbook/20260929T190058086692Z/idempotency_demo_report.json,fa5eb2efc49ffa404d6c51d10493d8739515474853bbd93dffaf99b8b2326a24,1343,User final review bundle,Preserved bytes from final review ZIP
EV-078,output/lab5_playbook/20260929T190058086692Z/isolate_endpoint_response.json,d444e23cb0f5eb0e4d19f3d904c4239840778454da41041f834e234fe62d1156,462,User final review bundle,Preserved bytes from final review ZIP
EV-079,output/lab5_playbook/20260929T190058086692Z/playbook_v1.json,9e88f710800295b4dbf3750f686d6360e77282d69eafc60d4acc0ea816ffd2f4,3165,User final review bundle,Preserved bytes from final review ZIP
EV-080,output/lab6_assurance/20260929T190721865945Z/audit_review_20260929T191429833134Z/audit_log.jsonl,bfe5bc4ded3f3c9b8cd6015c7654f97599e1cbc31b0994a45112564175b2612d,3377,User final review bundle,Preserved bytes from final review ZIP
EV-081,output/lab6_assurance/20260929T190721865945Z/audit_review_20260929T191429833134Z/audit_log_broken_link.jsonl,a658d2442edc436ac4a6580642da52aa05041009088733de68b285219a28cefc,3395,User final review bundle,"Preserved bytes from final review ZIP; deliberate negative-test copy, not a valid original audit chain"
EV-082,output/lab6_assurance/20260929T190721865945Z/audit_review_20260929T191429833134Z/audit_log_tampered.jsonl,fe2261abb7f294a197e746464d1b6b2d3ac01d97c5ad08563d47f30961c19a65,3395,User final review bundle,"Preserved bytes from final review ZIP; deliberate negative-test copy, not a valid original audit chain"
EV-083,output/lab6_assurance/20260929T190721865945Z/audit_review_20260929T191429833134Z/audit_verification_report.json,fc451dd7cd6f1256c537ec9b36d2a2a8371144826e651fef8e94ae524c4ec1c3,1515,User final review bundle,Preserved bytes from final review ZIP
EV-084,output/lab6_assurance/20260929T190721865945Z/audit_review_20260929T191429833134Z/decisions.jsonl,7c3ec3ef404873782e97365fce91de6d57dfdc0cf8a0ad4f5cb72969b1e268d7,731,User final review bundle,Preserved bytes from final review ZIP
EV-085,output/lab6_assurance/20260929T190721865945Z/audit_review_20260929T191429833134Z/decisions_broken_link.jsonl,d860a2edcb8f8dd80430d69647b13de567fbc3ae87972257a7f2f89ce1a48c24,749,User final review bundle,"Preserved bytes from final review ZIP; deliberate negative-test copy, not a valid original audit chain"
EV-086,output/lab6_assurance/20260929T190721865945Z/audit_review_20260929T191429833134Z/decisions_tampered.jsonl,a7d7776741bda413ac5bfd9d05eeca67b2160a9c80e9f9fe980eea11bbe9c71b,749,User final review bundle,"Preserved bytes from final review ZIP; deliberate negative-test copy, not a valid original audit chain"
EV-087,output/lab6_assurance/20260929T190721865945Z/audit_review_20260929T191429833134Z/improvement_backlog.csv,38282845517cf2ae5d83c0376b8acb6af6db84b4859e453574d3bba2010a7c30,1578,User final review bundle,Preserved bytes from final review ZIP
EV-088,output/lab6_assurance/20260929T190721865945Z/idempotency_tests_20260929T191125715602Z.txt,69a6172cd4976516d1c8edcd4050ae865e10b7dc9aa629159a02431f38237337,378,User final review bundle,Preserved bytes from final review ZIP
EV-089,output/lab6_assurance/20260929T190721865945Z/safety_tests_20260929T190920109961Z.txt,aaa25ba7051a5fdcee011797cd7ca5ef7f28b92e3b23b86026dbcb7de4eeadc8,1882,User final review bundle,Preserved bytes from final review ZIP
EV-090,output/lab6_assurance/20260929T190721865945Z/unit_test_run.json,5cafb8f1edaf83b55206588af320ecaae0b50557074e812d28ffdfc133eccdc5,367,User final review bundle,Preserved bytes from final review ZIP
EV-091,output/lab6_assurance/20260929T190721865945Z/unit_tests.txt,25a04cbdb95f8a7ee4346c78b1311ea69890150f7b1d6eb25d9ee5739759912b,1612,User final review bundle,Preserved bytes from final review ZIP
EV-092,run_pipeline.py,41e8bffade54e84fc24c84b57fabf42fe823ce1492d858490b24fb816854ce17,910,User final review bundle,Preserved bytes from final review ZIP
EV-093,soar_lab/__init__.py,399a738c7dd3390469adc42e02ab6c236364bf14cf1942300dbec939fdead985,123,User final review bundle,Preserved bytes from final review ZIP
EV-094,soar_lab/idempotency_demo.py,6c2f43e15424d5d8b1f297df45063f80e665325373d2aa99ac574d910aefd546,2666,User final review bundle,Preserved bytes from final review ZIP
EV-095,soar_lab/pipeline.py,9e4621e1959c2bef45ff0f4801e3e87cb0e1d4c4b19dc2a71b67a01f8d2f72fa,14073,User final review bundle,Preserved bytes from final review ZIP
EV-096,submission/README_original.md,38ecd6e8d7dee4e51710df552b8e850b3020203098c03967aae83b77c5bd2309,2323,Submission preparation,Submission document or packaging artifact prepared from reviewed evidence
EV-097,submission/SavannaPay_Demonstration_Guide.md,351845476c70d0854a579b843525933cefe05149a7d9937d71a5460f16c936c9,3098,Submission preparation,Submission document or packaging artifact prepared from reviewed evidence
EV-098,submission/SavannaPay_Incident_Report.docx,d4d4bc73f0d3c0e7ab7950933435d36d785240768bba71a9e9820254aad30bc3,43018,Submission preparation,Submission document or packaging artifact prepared from reviewed evidence
EV-099,submission/SavannaPay_Individual_Declaration.docx,a140edefe315bf6e25a2b083679a2ce41f769ac8f60cd68783d4fd1650a59c4f,27759,Submission preparation,Final submission revision; original exercise evidence unchanged
EV-100,submission/SavannaPay_Model_Card.docx,1878134bef14aa4c23a5de7dd0a8c3176e130a9b3fd772fa92ad791ba22b387f,41561,Submission preparation,Submission document or packaging artifact prepared from reviewed evidence
EV-101,submission/SavannaPay_Playbook.json,dc7d30e6db529f414d6a8cda42c3febfab9f45368cf013e2efc95cba62bda872,4403,Submission preparation,Submission document or packaging artifact prepared from reviewed evidence
EV-102,submission/SavannaPay_Test_and_Metrics_Report.md,1c01301601e790c3ead37794c20a700b6bc0f3d648bf89119a5dfeece4c5c1ad,4984,Submission preparation,Submission document or packaging artifact prepared from reviewed evidence
EV-103,submission/Submission_Checklist.md,d9055196681edbe5b6ccc49811de36e56e0849020e827460656bb346abe20124,1265,Submission preparation,Final submission revision; original exercise evidence unchanged
EV-104,submission/final_metrics.json,55d4d2708ee0b400fb9e33328c3b88cd2cd7c4e28beaddf95db23ad1fe96644f,850,Submission preparation,Submission document or packaging artifact prepared from reviewed evidence
EV-105,submission/fresh_extraction_tests.txt,b34bff704e71b91a15293a48039030d2325efeac52133ff707682525fc40d08b,3688,Submission preparation,Submission document or packaging artifact prepared from reviewed evidence
EV-106,submission/packaging_provenance.json,467f3997fa9796024fd586d3722d4b08cacc50925fe67dc4eae660dd1f97c058,15047,Submission preparation,Final submission revision; original exercise evidence unchanged
EV-107,tests/test_audit_append.py,e922fedd4cfb3a32630e0811901547357ec9216075e063fc4d0dc38fda6045fa,2088,User final review bundle,Preserved bytes from final review ZIP
EV-108,tests/test_capstone_features.py,5caa822c9e4a8f2c7ae761fcd7d4192bb11b86ccaf35a832393e3c0401278e66,2087,User final review bundle,Preserved bytes from final review ZIP
EV-109,tests/test_enrichment_extra.py,cf7c84364fab8417286a66b74b8bd6b39f681ebdef4fd26f4c63b2919ddd15be,1777,User final review bundle,Preserved bytes from final review ZIP
EV-110,tests/test_idempotency_demo.py,c0a92fd1327c019fba034b387dcd8ed036a0160252a13dca34deedb50f790d3c,2306,User final review bundle,Preserved bytes from final review ZIP
EV-111,tests/test_lab6_safety.py,e4e683fd360e6f17a86c6e9729f588ddd4258de2b0f033c9c2ca22c6fa50a486,3138,User final review bundle,Preserved bytes from final review ZIP
EV-112,tests/test_normalization_extra.py,8fc2e1b31502d105f9430fbe513c21c3eba69ef4b35054a130b2c60d7aebd0e6,1152,User final review bundle,Preserved bytes from final review ZIP
EV-113,tests/test_pipeline.py,227733004c7b30acc268cb8b6beb0f2c1e1ab4daf36c0065f36ab3f23a2e8b0b,2926,User final review bundle,Preserved bytes from final review ZIP
EV-114,tests/test_scoped_decisions.py,7c44d192a25f12a02234d2538a6bf544c14ff2c5ba8204f405ae30fd6509b8ca,2656,User final review bundle,Preserved bytes from final review ZIP
EV-115,web/app.js,a8ec0b42cd5997b4cd18056d6795b1bc66d0b51eac734a3188322f716503daad,5717,User final review bundle,Preserved bytes from final review ZIP
EV-116,web/index.html,350657fb751676bd3f43007262b81753a82bf4e3903d969b9c8dda70a4de5000,2203,User final review bundle,Preserved bytes from final review ZIP
EV-117,web/style.css,b0369d1e9a51d178466bc9397c9744aafd22df5538a947e7819ae32b10a946ab,3839,User final review bundle,Preserved bytes from final review ZIP
